<?xml version="1.0" encoding="UTF-8"?>

<mule xmlns:json="http://www.mulesoft.org/schema/mule/json" xmlns:sfdc="http://www.mulesoft.org/schema/mule/sfdc" xmlns:dw="http://www.mulesoft.org/schema/mule/ee/dw" xmlns:http="http://www.mulesoft.org/schema/mule/http" xmlns="http://www.mulesoft.org/schema/mule/core" xmlns:doc="http://www.mulesoft.org/schema/mule/documentation"
	xmlns:spring="http://www.springframework.org/schema/beans" xmlns:metadata="http://www.mulesoft.org/schema/mule/metadata"
	xmlns:xsi="http://www.w3.org/2001/XMLSchema-instance"
	xsi:schemaLocation="http://www.springframework.org/schema/beans http://www.springframework.org/schema/beans/spring-beans-current.xsd
http://www.mulesoft.org/schema/mule/json http://www.mulesoft.org/schema/mule/json/current/mule-json.xsd
http://www.mulesoft.org/schema/mule/http http://www.mulesoft.org/schema/mule/http/current/mule-http.xsd
http://www.mulesoft.org/schema/mule/sfdc http://www.mulesoft.org/schema/mule/sfdc/current/mule-sfdc.xsd
http://www.mulesoft.org/schema/mule/ee/dw http://www.mulesoft.org/schema/mule/ee/dw/current/dw.xsd
http://www.mulesoft.org/schema/mule/core http://www.mulesoft.org/schema/mule/core/current/mule.xsd">
    <http:listener-config name="HTTP_Listener_Configuration" host="0.0.0.0" port="8081" doc:name="HTTP Listener Configuration"/>
    <http:request-config name="HTTP_Request_Configuration" host="localhost" port="8081" doc:name="HTTP Request Configuration"/>
    <flow name="ReportClaimAPI">
        <http:listener config-ref="HTTP_Listener_Configuration" path="/report-a-claim" allowedMethods="POST" doc:name="HTTP"/>
        <dw:transform-message doc:name="Transform Message" metadata:id="c28ace8f-3b60-46b3-b183-d349b3428d9c">
            <dw:input-payload doc:sample="report-a-claim.json" mimeType="application/json"/>
            <dw:set-payload><![CDATA[%dw 1.0
%output application/java
---
payload]]></dw:set-payload>
        </dw:transform-message>
        <byte-array-to-object-transformer doc:name="Byte Array to Object"/>
        <set-variable variableName="queryParam" value="#[payload]" doc:name="Variable"/>
        <http:request config-ref="HTTP_Request_Configuration" path="/api/contact" method="GET" doc:name="HTTP">
            <http:request-builder>
                <http:query-param paramName="firstName" value="#[flowVars.queryParam.firstName]"/>
                <http:query-param paramName="lastName" value="#[flowVars.queryParam.lastName]"/>
                <http:query-param paramName="birthDate" value="#[flowVars.queryParam.birthDate]"/>
            </http:request-builder>
        </http:request>
        <flow-ref name="ReportClaimSubFlow" doc:name="Flow Reference"/>
    </flow>
    <flow name="ReportClaimSubFlow">
        <logger message="#[payload]" level="INFO" doc:name="Logger"/>
        <http:request config-ref="HTTP_Request_Configuration" path="/api/contacts" method="GET" doc:name="GetContactID">
            <http:request-builder>
                <http:query-param paramName="firstName" value="#[payload.contact.firstName]"/>
                <http:query-param paramName="lastName" value="#[payload.contact.lastName]"/>
                <http:query-param paramName="birthDate" value="#[payload.contact.birthDate]"/>
            </http:request-builder>
        </http:request>
    </flow>
    <flow name="RetrieveClaimAPI">
        <http:listener config-ref="HTTP_Listener_Configuration" path="/claim" allowedMethods="GET" doc:name="HTTP"/>
        <byte-array-to-string-transformer doc:name="Byte Array to String"/>
        <sfdc:query config-ref="Salesforce__Basic_Authentication" query="dsql:SELECT Contact_ID__c,contact.FirstName,contact.LastName,Description__c,Id,Incident_Date__c,Incident_Type__c,Location_State__c,Policy_ID__c,Vehicle_Make__c,Vehicle_Model__c,Vehicle_Year__c FROM Claim__c, contact WHERE Id = '#[message.inboundProperties.'http.uri.params'.ID]' AND contact.Id=Contact_ID__c" doc:name="Salesforce"/>
        <json:object-to-json-transformer doc:name="Object to JSON"/>
        <logger message="#[payload]" level="INFO" doc:name="Logger"/>
        <dw:transform-message doc:name="Transform Message" metadata:id="e998595b-3574-4284-ae01-82579cdf7f8a">
            <dw:input-payload/>
            <dw:set-payload><![CDATA[%dw 1.0
%output application/json
---
payload.Id[0]]]></dw:set-payload>
        </dw:transform-message>
        <logger level="INFO" doc:name="Logger"/>
    </flow>
</mule>
