<?xml version="1.0" encoding="UTF-8"?>

<mule xmlns="http://www.mulesoft.org/schema/mule/core" xmlns:doc="http://www.mulesoft.org/schema/mule/documentation" xmlns:spring="http://www.springframework.org/schema/beans" xmlns:http="http://www.mulesoft.org/schema/mule/http" xmlns:sfdc="http://www.mulesoft.org/schema/mule/sfdc" xmlns:dw="http://www.mulesoft.org/schema/mule/ee/dw" xmlns:core="http://www.mulesoft.org/schema/mule/core" xmlns:xsi="http://www.w3.org/2001/XMLSchema-instance" xsi:schemaLocation="http://www.springframework.org/schema/beans http://www.springframework.org/schema/beans/spring-beans-current.xsd
http://www.mulesoft.org/schema/mule/http http://www.mulesoft.org/schema/mule/http/current/mule-http.xsd
http://www.mulesoft.org/schema/mule/sfdc http://www.mulesoft.org/schema/mule/sfdc/current/mule-sfdc.xsd
http://www.mulesoft.org/schema/mule/ee/dw http://www.mulesoft.org/schema/mule/ee/dw/current/dw.xsd
http://www.mulesoft.org/schema/mule/core http://www.mulesoft.org/schema/mule/core/current/mule.xsd">
    <flow name="salesforceinserttestFlow">
        <http:listener config-ref="HTTP_Listener_Configuration" path="/test" doc:name="HTTP"/>
        <byte-array-to-string-transformer doc:name="Byte Array to String"/>
        <dw:transform-message doc:name="Transform Message">
            <dw:set-payload><![CDATA[%dw 1.0
%output application/java
---
[{
	Incident_Type__c: payload.incidentType,
	Incident_Date__c: payload.incidentDate as :date {format:'yyyy-MM-dd'},
	Location_State__c: payload.locationState,
	Policy_ID__c: payload.policy,
	Vehicle_Make__c: payload.vehicleMake,
	Vehicle_Model__c: payload.vehicleModel,
	Vehicle_Year__c: payload.vehicleYear,
	Description__c: payload.description 
}]]]></dw:set-payload>
        </dw:transform-message>
        <sfdc:create config-ref="Salesforce__Basic_Authentication" type="Claim__c" doc:name="Salesforce">
            <sfdc:objects ref="#[payload]"/>
        </sfdc:create>
        <dw:transform-message doc:name="Transform Message">
            <dw:set-payload><![CDATA[%dw 1.0
%output application/json
---
{
ClaimID: payload[0].id
}]]></dw:set-payload>
        </dw:transform-message>
        <logger message="#[payload]" level="INFO" doc:name="Logger"/>
    </flow>
</mule>
