<?xml version="1.0" encoding="UTF-8"?>

<mule xmlns="http://www.mulesoft.org/schema/mule/core" xmlns:doc="http://www.mulesoft.org/schema/mule/documentation" xmlns:spring="http://www.springframework.org/schema/beans" xmlns:json="http://www.mulesoft.org/schema/mule/json" xmlns:sfdc="http://www.mulesoft.org/schema/mule/sfdc" xmlns:dw="http://www.mulesoft.org/schema/mule/ee/dw" xmlns:core="http://www.mulesoft.org/schema/mule/core" xmlns:xsi="http://www.w3.org/2001/XMLSchema-instance" xsi:schemaLocation="http://www.springframework.org/schema/beans http://www.springframework.org/schema/beans/spring-beans-current.xsd
http://www.mulesoft.org/schema/mule/json http://www.mulesoft.org/schema/mule/json/current/mule-json.xsd
http://www.mulesoft.org/schema/mule/sfdc http://www.mulesoft.org/schema/mule/sfdc/current/mule-sfdc.xsd
http://www.mulesoft.org/schema/mule/ee/dw http://www.mulesoft.org/schema/mule/ee/dw/current/dw.xsd
http://www.mulesoft.org/schema/mule/core http://www.mulesoft.org/schema/mule/core/current/mule.xsd">
    <sfdc:cached-basic-config name="Salesforce__Basic_Authentication" username="sam@mule.com" password="Praveen1" securityToken="YmwvMaQyhOzwQ7jiFQv7IgpU" doc:name="Salesforce: Basic Authentication"/>
    <flow name="getContact">
        <logger message="Payload: #[payload]" level="INFO" doc:name="Logger"/>
        <sfdc:query config-ref="Salesforce__Basic_Authentication" query="dsql:SELECT Birthdate,FirstName,Phone,Id,LastName FROM Contact WHERE ((LastName = '#[payload.lastName]' AND Birthdate = #[payload.birthDate]) AND FirstName = '#[payload.firstName]')" doc:name="Salesforce"/>
        <json:object-to-json-transformer doc:name="Object to JSON"/>
        <logger message="#[payload]" level="INFO" doc:name="Logger"/>
        <dw:transform-message doc:name="Transform Message">
            <dw:set-payload><![CDATA[%dw 1.0
%output application/json
---
{
ContactID: payload.Id[0]
}]]></dw:set-payload>
        </dw:transform-message>
        <logger message="#[payload]" level="INFO" doc:name="Logger"/>
    </flow>
    <flow name="getPolicyByPolicyID">
        <logger level="INFO" doc:name="Logger"/>
        <sfdc:query config-ref="Salesforce__Basic_Authentication" query="dsql:" doc:name="Salesforce"/>
    </flow>
    <flow name="createClaim">
        <byte-array-to-string-transformer doc:name="Byte Array to String"/>
        <dw:transform-message doc:name="Transform Message">
            <dw:input-payload/>
            <dw:set-payload><![CDATA[%dw 1.0
%output application/java
---
[{
	Incident_Type__c: payload.incidentType as :string,
	Incident_Date__c: payload.incidentDate as :date,
	Location_State__c: payload.locationState as :string,
	Policy_ID__c: payload.policy as :string,
	Vehicle_Make__c: payload.vehicleMake as :string,
	Vehicle_Model__c: payload.vehicleModel as :string,
	Vehicle_Year__c: payload.vehicleYear as :string,
	Description__c: payload.description as :string
}]]]></dw:set-payload>
        </dw:transform-message>
        <sfdc:create config-ref="Salesforce__Basic_Authentication" type="Claim__c" doc:name="Salesforce">
            <sfdc:objects ref="#[payload]"/>
        </sfdc:create>
        <logger message="ClaimID:#[ payload[0].id]" level="INFO" doc:name="Logger"/>
        <dw:transform-message doc:name="Transform Message">
            <dw:set-payload><![CDATA[%dw 1.0
%output application/json
---
{
ClaimID: payload
}]]></dw:set-payload>
        </dw:transform-message>
        <set-payload value="#[payload]" doc:name="Set Payload"/>
    </flow>
    <flow name="createContact">
        <byte-array-to-string-transformer doc:name="Byte Array to String"/>
        <dw:transform-message doc:name="Transform Message" xmlns:metadata="http://www.mulesoft.org/schema/mule/metadata" metadata:id="222bbe72-1ae6-4d6f-a2fb-4e9bb6147b2c">
            <dw:input-payload mimeType="application/json"/>
            <dw:set-payload><![CDATA[%dw 1.0
%output application/java
---
[{
		LastName: payload.lastName,
	FirstName: payload.firstName,
	HomePhone: payload.phone,
	Birthdate: payload.birthDate as :date
}]]]></dw:set-payload>
        </dw:transform-message>
        <sfdc:create config-ref="Salesforce__Basic_Authentication" type="Contact" doc:name="Salesforce">
            <sfdc:objects ref="#[payload]"/>
        </sfdc:create>
        <dw:transform-message doc:name="Transform Message">
            <dw:set-payload><![CDATA[%dw 1.0
%output application/json
---
{
	ContactID: payload[0].id
}]]></dw:set-payload>
        </dw:transform-message>
        <logger message="#[payload]" level="INFO" doc:name="Logger"/>
        <set-payload value="#[payload]" doc:name="Set Payload"/>
    </flow>
</mule>
