<?xml version="1.0" encoding="UTF-8"?>

<mule xmlns:tracking="http://www.mulesoft.org/schema/mule/ee/tracking" xmlns:json="http://www.mulesoft.org/schema/mule/json" xmlns:sfdc="http://www.mulesoft.org/schema/mule/sfdc" xmlns:dw="http://www.mulesoft.org/schema/mule/ee/dw" xmlns:http="http://www.mulesoft.org/schema/mule/http" xmlns="http://www.mulesoft.org/schema/mule/core" xmlns:doc="http://www.mulesoft.org/schema/mule/documentation"
	xmlns:spring="http://www.springframework.org/schema/beans" xmlns:metadata="http://www.mulesoft.org/schema/mule/metadata"
	xmlns:xsi="http://www.w3.org/2001/XMLSchema-instance"
	xsi:schemaLocation="http://www.springframework.org/schema/beans http://www.springframework.org/schema/beans/spring-beans-current.xsd
http://www.mulesoft.org/schema/mule/json http://www.mulesoft.org/schema/mule/json/current/mule-json.xsd
http://www.mulesoft.org/schema/mule/http http://www.mulesoft.org/schema/mule/http/current/mule-http.xsd
http://www.mulesoft.org/schema/mule/sfdc http://www.mulesoft.org/schema/mule/sfdc/current/mule-sfdc.xsd
http://www.mulesoft.org/schema/mule/ee/dw http://www.mulesoft.org/schema/mule/ee/dw/current/dw.xsd
http://www.mulesoft.org/schema/mule/core http://www.mulesoft.org/schema/mule/core/current/mule.xsd
http://www.mulesoft.org/schema/mule/ee/tracking http://www.mulesoft.org/schema/mule/ee/tracking/current/mule-tracking-ee.xsd">
    <http:listener-config name="HTTP_Listener_Configuration" host="0.0.0.0" port="8081" doc:name="HTTP Listener Configuration"/>
    <http:request-config name="HTTP_Request_Configuration" host="localhost" port="8081" doc:name="HTTP Request Configuration"/>
    <flow name="ReportClaimAPI">
        <http:listener config-ref="HTTP_Listener_Configuration" path="/report-a-claim" allowedMethods="POST" doc:name="HTTP"/>
        <dw:transform-message doc:name="Transform Message" metadata:id="3dfd28e6-641e-4beb-a162-6e4f0e6b7c15">
            <dw:input-payload mimeType="application/json"/>
            <dw:set-payload><![CDATA[%dw 1.0
%output application/java
---
payload]]></dw:set-payload>
        </dw:transform-message>
        <byte-array-to-object-transformer doc:name="Byte Array to Object"/>
        <set-variable variableName="SourceClaimInfo" value="#[payload]" doc:name="InitialPayload"/>
        <flow-ref name="ReportClaimGetContactIDFlow" doc:name="GetContactFlow"/>
        <flow-ref name="ValidatePolicyIDFlow" doc:name="ValidatePolicy"/>
        <dw:transform-message doc:name="Transform Message" metadata:id="040852e0-a781-4e0a-b6e0-c68ee5ff50c2">
            <dw:input-variable mimeType="application/json" variableName="SourceClaimInfo"/>
            <dw:set-payload><![CDATA[%dw 1.0
%output application/json
---
{
	incidentType: flowVars.SourceClaimInfo.incidentType,
	incidentDate: flowVars.SourceClaimInfo.incidentDate,
	locationState: flowVars.SourceClaimInfo.locationState,
	policy: flowVars.SourceClaimInfo.policy,
	contactID: flowVars.ContactID,
	vehicleMake: flowVars.SourceClaimInfo.vehicleMake,
	vehicleModel: flowVars.SourceClaimInfo.vehicleModel,
	vehicleYear: flowVars.SourceClaimInfo.vehicleYear,
	description: flowVars.SourceClaimInfo.description
}]]></dw:set-payload>
        </dw:transform-message>
        <http:request config-ref="HTTP_Request_Configuration" path="/api/claim" method="POST" doc:name="HTTP"/>
    </flow>
    <flow name="ReportClaimGetContactIDFlow">
        <logger message="#[flowVars.SourceClaimInfo]" level="INFO" doc:name="Logger"/>
        <http:request config-ref="HTTP_Request_Configuration" path="/api/contact" method="GET" doc:name="GetContactID">
            <http:request-builder>
                <http:query-param paramName="firstName" value="#[flowVars.SourceClaimInfo.contact.firstName]"/>
                <http:query-param paramName="lastName" value="#[flowVars.SourceClaimInfo.contact.lastName]"/>
                <http:query-param paramName="birthDate" value="#[flowVars.SourceClaimInfo.contact.birthDate]"/>
            </http:request-builder>
        </http:request>
        <byte-array-to-string-transformer doc:name="Byte Array to String"/>
        <set-variable variableName="ContactID" value="#[payload.ContactID]" doc:name="Variable"/>
        <choice doc:name="Choice">
            <when expression="#[flowVars.ContactID ==&quot;null&quot;]">
                <dw:transform-message doc:name="Transform Message" metadata:id="9b9d82e9-6206-4e42-90b5-a3b7a4c4ce0f">
                    <dw:input-payload/>
                    <dw:input-variable variableName="SourceClaimInfo"/>
                    <dw:set-payload><![CDATA[%dw 1.0
%output application/json
---
{
	firstName: flowVars.SourceClaimInfo.contact.firstName,
	lastName: flowVars.SourceClaimInfo.contact.lastName,
	birthDate: flowVars.SourceClaimInfo.contact.birthDate,
	phone: flowVars.SourceClaimInfo.contact.phone
}]]></dw:set-payload>
                </dw:transform-message>
                <http:request config-ref="HTTP_Request_Configuration" path="/api/contact" method="POST" doc:name="HTTP"/>
                <byte-array-to-string-transformer doc:name="Byte Array to String"/>
            </when>
            <otherwise>
                <set-payload value="#[flowVars.SourceClaimInfo]" doc:name="Set Payload"/>
            </otherwise>
        </choice>
    </flow>
    <flow name="ValidatePolicyIDFlow">
        <logger message="#[payload.ContactID]" level="INFO" doc:name="Logger"/>
        <http:request config-ref="HTTP_Request_Configuration" path="/api/policy/{ID}" method="GET" doc:name="HTTP">
            <http:request-builder>
                <http:uri-param paramName="ID" value="#[flowVars.SourceClaimInfo.policy]"/>
            </http:request-builder>
        </http:request>
        <byte-array-to-string-transformer doc:name="Byte Array to String"/>
        <set-variable variableName="PolicyStatus" value="#[payload]" doc:name="PolicyStatus"/>
    </flow>
    <flow name="RetrieveClaimAPI">
        <http:listener config-ref="HTTP_Listener_Configuration" path="/claim" allowedMethods="GET" doc:name="HTTP"/>
        <byte-array-to-string-transformer doc:name="Byte Array to String"/>
        <sfdc:query config-ref="Salesforce__Basic_Authentication" query="dsql:SELECT Contact_ID__c,contact.FirstName,contact.LastName,Description__c,Id,Incident_Date__c,Incident_Type__c,Location_State__c,Policy_ID__c,Vehicle_Make__c,Vehicle_Model__c,Vehicle_Year__c FROM Claim__c, contact WHERE Id = '#[message.inboundProperties.'http.uri.params'.ID]' AND contact.Id=Contact_ID__c" doc:name="Salesforce"/>
        <json:object-to-json-transformer doc:name="Object to JSON"/>
        <logger message="#[payload]" level="INFO" doc:name="Logger"/>
        <dw:transform-message doc:name="Transform Message" metadata:id="e998595b-3574-4284-ae01-82579cdf7f8a">
            <dw:input-payload/>
            <dw:set-payload><![CDATA[%dw 1.0
%output application/json
---
payload.Id[0]]]></dw:set-payload>
        </dw:transform-message>
        <logger level="INFO" doc:name="Logger"/>
    </flow>
</mule>
