<?xml version="1.0" encoding="UTF-8"?>

<mule xmlns:context="http://www.springframework.org/schema/context" xmlns:tracking="http://www.mulesoft.org/schema/mule/ee/tracking" xmlns:json="http://www.mulesoft.org/schema/mule/json" xmlns:sfdc="http://www.mulesoft.org/schema/mule/sfdc" xmlns:dw="http://www.mulesoft.org/schema/mule/ee/dw" xmlns:http="http://www.mulesoft.org/schema/mule/http" xmlns="http://www.mulesoft.org/schema/mule/core" xmlns:doc="http://www.mulesoft.org/schema/mule/documentation"
	xmlns:spring="http://www.springframework.org/schema/beans" xmlns:metadata="http://www.mulesoft.org/schema/mule/metadata"
	xmlns:xsi="http://www.w3.org/2001/XMLSchema-instance"
	xsi:schemaLocation="http://www.springframework.org/schema/beans http://www.springframework.org/schema/beans/spring-beans-current.xsd
http://www.mulesoft.org/schema/mule/json http://www.mulesoft.org/schema/mule/json/current/mule-json.xsd
http://www.mulesoft.org/schema/mule/http http://www.mulesoft.org/schema/mule/http/current/mule-http.xsd
http://www.mulesoft.org/schema/mule/sfdc http://www.mulesoft.org/schema/mule/sfdc/current/mule-sfdc.xsd
http://www.mulesoft.org/schema/mule/ee/dw http://www.mulesoft.org/schema/mule/ee/dw/current/dw.xsd
http://www.mulesoft.org/schema/mule/core http://www.mulesoft.org/schema/mule/core/current/mule.xsd
http://www.mulesoft.org/schema/mule/ee/tracking http://www.mulesoft.org/schema/mule/ee/tracking/current/mule-tracking-ee.xsd
http://www.springframework.org/schema/context http://www.springframework.org/schema/context/spring-context-current.xsd">
    <http:listener-config name="HTTP_Listener_Configuration" host="0.0.0.0" port="${http.port}" doc:name="HTTP Listener Configuration"/>
    <http:request-config name="HTTP_Request_Configuration" host="localhost" port="8081" doc:name="HTTP Request Configuration"/>
    <context:property-placeholder location="api-${env}.properties"/>
    <flow name="ReportClaimAPI">
        <http:listener config-ref="HTTP_Listener_Configuration" path="/report-a-claim" allowedMethods="POST" doc:name="HTTP"/>
        <dw:transform-message doc:name="Transform Message" metadata:id="3dfd28e6-641e-4beb-a162-6e4f0e6b7c15">
            <dw:input-payload mimeType="application/json"/>
            <dw:set-payload><![CDATA[%dw 1.0
%output application/java
---
payload]]></dw:set-payload>
        </dw:transform-message>
        <byte-array-to-object-transformer doc:name="Byte Array to Object"/>
        <set-session-variable variableName="Request" value="#[payload]" doc:name="Session Variable"/>
        <flow-ref name="ReportClaimGetContactIDFlow" doc:name="GetContactFlow"/>
        <flow-ref name="ValidatePolicyIDFlow" doc:name="ValidatePolicy"/>
        <logger message="#[sessionVars.PolicyStatus]" level="INFO" doc:name="Logger"/>
        <choice doc:name="Choice">
            <when expression="#[sessionVars.PolicyStatus == &quot;Active&quot;]">
                <dw:transform-message doc:name="Transform Message" metadata:id="040852e0-a781-4e0a-b6e0-c68ee5ff50c2">
                    <dw:input-variable mimeType="application/json" variableName="SourceClaimInfo"/>
                    <dw:set-payload><![CDATA[%dw 1.0
%output application/json
---
{
	incidentType: sessionVars.Request.incidentType,
	incidentDate: sessionVars.Request.incidentDate,
	locationState: sessionVars.Request.locationState,
	policy: sessionVars.Request.policy,
	contactID: sessionVars.ContactID,
	vehicleMake: sessionVars.Request.vehicleMake,
	vehicleModel: sessionVars.Request.vehicleModel,
	vehicleYear: sessionVars.Request.vehicleYear,
	description: sessionVars.Request.description
}]]></dw:set-payload>
                </dw:transform-message>
                <http:request config-ref="HTTP_Request_Configuration" path="/api/claims" method="POST" doc:name="HTTP"/>
            </when>
            <otherwise>
                <set-payload value="&quot;Unable to process claim request. Please retry or contact our customer service support team&quot;" doc:name="Set Payload"/>
            </otherwise>
        </choice>
    </flow>
    <flow name="ReportClaimGetContactIDFlow">
        <logger message="#[sessionVars.Request]" level="INFO" doc:name="Logger"/>
        <http:request config-ref="HTTP_Request_Configuration" path="/api/contact" method="GET" doc:name="GetContactID">
            <http:request-builder>
                <http:query-param paramName="firstName" value="#[sessionVars.Request.contact.firstName]"/>
                <http:query-param paramName="lastName" value="#[sessionVars.Request.contact.lastName]"/>
                <http:query-param paramName="birthDate" value="#[sessionVars.Request.contact.birthDate]"/>
            </http:request-builder>
        </http:request>
        <byte-array-to-string-transformer doc:name="Byte Array to String"/>
        <dw:transform-message doc:name="Transform Message">
            <dw:set-payload><![CDATA[%dw 1.0
%output application/java
---
payload]]></dw:set-payload>
        </dw:transform-message>
        <set-session-variable variableName="ContactID" value="#[payload.ContactID]" doc:name="Session Variable"/>
        <logger message="#[sessionVars.ContactID]" level="INFO" doc:name="Logger"/>
        <choice doc:name="Choice">
            <when expression="#[sessionVars.ContactID ==&quot;null&quot;]">
                <dw:transform-message doc:name="Transform Message" metadata:id="9b9d82e9-6206-4e42-90b5-a3b7a4c4ce0f">
                    <dw:input-payload/>
                    <dw:input-variable variableName="SourceClaimInfo"/>
                    <dw:set-payload><![CDATA[%dw 1.0
%output application/json
---
{
	firstName: sessionVars.Request.contact.firstName,
	lastName: sessionVars.Request.contact.lastName,
	birthDate: sessionVars.Request.contact.birthDate,
	phone: sessionVars.Request.contact.phone
}]]></dw:set-payload>
                </dw:transform-message>
                <http:request config-ref="HTTP_Request_Configuration" path="/api/contact" method="POST" doc:name="HTTP"/>
                <byte-array-to-string-transformer doc:name="Byte Array to String"/>
                <set-session-variable variableName="ContactID" value="#[payload.ContactID]" doc:name="Session Variable"/>
            </when>
            <otherwise>
                <set-payload value="#[sessionVars.Request]" doc:name="Set Payload"/>
            </otherwise>
        </choice>
    </flow>
    <flow name="ValidatePolicyIDFlow">
        <logger message="#[sessionVars.ContactID]" level="INFO" doc:name="Logger"/>
        <http:request config-ref="HTTP_Request_Configuration" path="/api/policy/{ID}" method="GET" doc:name="HTTP">
            <http:request-builder>
                <http:uri-param paramName="ID" value="#[sessionVars.Request.policy]"/>
            </http:request-builder>
        </http:request>
        <byte-array-to-string-transformer doc:name="Byte Array to String"/>
        <dw:transform-message doc:name="Transform Message">
            <dw:set-payload><![CDATA[%dw 1.0
%output application/java
---
payload]]></dw:set-payload>
        </dw:transform-message>
        <set-session-variable variableName="PolicyStatus" value="#[payload.status]" doc:name="Policy Status"/>
    </flow>
    <flow name="RetrieveClaimAPI">
        <http:listener config-ref="HTTP_Listener_Configuration" path="/claim" allowedMethods="GET" doc:name="HTTP"/>
        <byte-array-to-string-transformer doc:name="Byte Array to String"/>
        <http:request config-ref="HTTP_Request_Configuration" path="/api/claims" method="GET" doc:name="HTTP">
            <http:request-builder>
                <http:query-param paramName="ID" value="#[message.inboundProperties.'http.uri.params'.ID]"/>
            </http:request-builder>
        </http:request>
        <logger message="#[payload]" level="INFO" doc:name="Logger"/>

    </flow>
</mule>
