<?xml version="1.0" encoding="UTF-8"?>
<mule xmlns:doc="http://www.mulesoft.org/schema/mule/documentation" xmlns="http://www.mulesoft.org/schema/mule/core" xmlns:apikit="http://www.mulesoft.org/schema/mule/apikit" xmlns:http="http://www.mulesoft.org/schema/mule/http" xmlns:spring="http://www.springframework.org/schema/beans" xmlns:xsi="http://www.w3.org/2001/XMLSchema-instance" xsi:schemaLocation="http://www.springframework.org/schema/beans http://www.springframework.org/schema/beans/spring-beans-current.xsd
http://www.mulesoft.org/schema/mule/http http://www.mulesoft.org/schema/mule/http/current/mule-http.xsd
http://www.mulesoft.org/schema/mule/apikit http://www.mulesoft.org/schema/mule/apikit/current/mule-apikit.xsd
http://www.mulesoft.org/schema/mule/core http://www.mulesoft.org/schema/mule/core/current/mule.xsd">

    <apikit:config name="claimprocessingsystemapi-config" raml="claimprocessingsystemapi.raml" consoleEnabled="false" doc:name="Router"/>
    <flow name="claimprocessingsystemapi-main">
        <http:listener config-ref="HTTP_Listener_Configuration" path="/api/*" doc:name="HTTP"/>
        <apikit:router config-ref="claimprocessingsystemapi-config" doc:name="APIkit Router"/>
        <exception-strategy ref="claimprocessingsystemapi-apiKitGlobalExceptionMapping" doc:name="Reference Exception Strategy"/>
    </flow>
    <flow name="claimprocessingsystemapi-console">
        <http:listener config-ref="HTTP_Listener_Configuration" path="/console/*" doc:name="HTTP"/>
        <apikit:console config-ref="claimprocessingsystemapi-config" doc:name="APIkit Console"/>
    </flow>
    <flow name="get:/claims:claimprocessingsystemapi-config">
        <set-payload value="#[message.inboundProperties.'http.query.params']" doc:name="Set Payload"/>
    </flow>
    <flow name="get:/contact:claimprocessingsystemapi-config">
        <set-payload value="#[message.inboundProperties.'http.query.params']" doc:name="Set Payload"/>
        <logger message="#[message.inboundProperties.'http.query.params']" level="INFO" doc:name="Logger"/>
        <flow-ref name="getContact" doc:name="Flow Reference"/>
    </flow>
    <flow name="get:/claims/{ID}:claimprocessingsystemapi-config">
        <set-payload value="#[message.inboundProperties.'http.uri.params'.ID]" doc:name="Set Payload"/>
        <logger message="#[payload]" level="INFO" doc:name="Logger"/>
        <flow-ref name="getClaimByClaimID" doc:name="Flow Reference"/>
    </flow>
    <flow name="get:/policy/{ID}:claimprocessingsystemapi-config">
        <set-payload value="#[message.inboundProperties.'http.uri.params'.ID]" doc:name="Set Payload"/>
        <logger message="#[payload]" level="INFO" doc:name="Logger"/>
        <flow-ref name="getPolicyByPolicyID" doc:name="Flow Reference"/>
    </flow>
    <flow name="post:/claims:application/json:claimprocessingsystemapi-config">
        <flow-ref name="createClaim" doc:name="Flow Reference"/>

    </flow>
    <flow name="post:/contact:application/json:claimprocessingsystemapi-config">
        <flow-ref name="createContact" doc:name="Flow Reference"/>

    </flow>
    <apikit:mapping-exception-strategy name="claimprocessingsystemapi-apiKitGlobalExceptionMapping">
        <apikit:mapping statusCode="404">
            <apikit:exception value="org.mule.module.apikit.exception.NotFoundException" />
            <set-property propertyName="Content-Type" value="application/json" doc:name="Property"/>
            <set-payload value="{ &quot;message&quot;: &quot;Resource not found&quot; }" doc:name="Set Payload"/>
        </apikit:mapping>
        <apikit:mapping statusCode="405">
            <apikit:exception value="org.mule.module.apikit.exception.MethodNotAllowedException" />
            <set-property propertyName="Content-Type" value="application/json" doc:name="Property"/>
            <set-payload value="{ &quot;message&quot;: &quot;Method not allowed&quot; }" doc:name="Set Payload"/>
        </apikit:mapping>
        <apikit:mapping statusCode="415">
            <apikit:exception value="org.mule.module.apikit.exception.UnsupportedMediaTypeException" />
            <set-property propertyName="Content-Type" value="application/json" doc:name="Property"/>
            <set-payload value="{ &quot;message&quot;: &quot;Unsupported media type&quot; }" doc:name="Set Payload"/>
        </apikit:mapping>
        <apikit:mapping statusCode="406">
            <apikit:exception value="org.mule.module.apikit.exception.NotAcceptableException" />
            <set-property propertyName="Content-Type" value="application/json" doc:name="Property"/>
            <set-payload value="{ &quot;message&quot;: &quot;Not acceptable&quot; }" doc:name="Set Payload"/>
        </apikit:mapping>
        <apikit:mapping statusCode="400">
            <apikit:exception value="org.mule.module.apikit.exception.BadRequestException" />
            <set-property propertyName="Content-Type" value="application/json" doc:name="Property"/>
            <set-payload value="{ &quot;message&quot;: &quot;Bad request&quot; }" doc:name="Set Payload"/>
        </apikit:mapping>
    </apikit:mapping-exception-strategy>
</mule>
