<?xml version="1.0" encoding="UTF-8"?>

<mule xmlns:dw="http://www.mulesoft.org/schema/mule/ee/dw" xmlns:json="http://www.mulesoft.org/schema/mule/json" xmlns:sfdc="http://www.mulesoft.org/schema/mule/sfdc" xmlns:tracking="http://www.mulesoft.org/schema/mule/ee/tracking" xmlns="http://www.mulesoft.org/schema/mule/core" xmlns:doc="http://www.mulesoft.org/schema/mule/documentation"
	xmlns:spring="http://www.springframework.org/schema/beans" 
	xmlns:xsi="http://www.w3.org/2001/XMLSchema-instance"
	xsi:schemaLocation="http://www.springframework.org/schema/beans http://www.springframework.org/schema/beans/spring-beans-current.xsd
http://www.mulesoft.org/schema/mule/core http://www.mulesoft.org/schema/mule/core/current/mule.xsd
http://www.mulesoft.org/schema/mule/sfdc http://www.mulesoft.org/schema/mule/sfdc/current/mule-sfdc.xsd
http://www.mulesoft.org/schema/mule/ee/dw http://www.mulesoft.org/schema/mule/ee/dw/current/dw.xsd
http://www.mulesoft.org/schema/mule/ee/tracking http://www.mulesoft.org/schema/mule/ee/tracking/current/mule-tracking-ee.xsd
http://www.mulesoft.org/schema/mule/json http://www.mulesoft.org/schema/mule/json/current/mule-json.xsd">
    <sfdc:cached-basic-config name="Salesforce__Basic_Authentication" username="sam@mule.com" password="Praveen1" securityToken="YmwvMaQyhOzwQ7jiFQv7IgpU" doc:name="Salesforce: Basic Authentication"/>
    <flow name="getContact">
        <logger message="Payload: #[payload]" level="INFO" doc:name="Logger"/>
        <sfdc:query config-ref="Salesforce__Basic_Authentication" query="dsql:SELECT Birthdate,FirstName,Phone,Id,LastName FROM Contact WHERE ((LastName = '#[payload.lastName]' AND Birthdate = #[payload.birthDate]) AND FirstName = '#[payload.firstName]')" doc:name="Salesforce"/>
        <dw:transform-message doc:name="Transform Message">
            <dw:set-payload><![CDATA[%dw 1.0
%output application/json
---
ID: payload.Id]]></dw:set-payload>
        </dw:transform-message>
        <logger level="INFO" doc:name="Logger"/>
    </flow>
    <flow name="getPolicyByPolicyID">
        <logger level="INFO" doc:name="Logger"/>
        <sfdc:query config-ref="Salesforce__Basic_Authentication" query="dsql:" doc:name="Salesforce"/>
    </flow>
    <flow name="createClaim">
        <dw:transform-message doc:name="Transform Message">
            <dw:set-payload><![CDATA[%dw 1.0
%output application/java
---
[{
	Incident_Type__c: payload.incidentType as :string,
	Incident_Date__c: payload.incidentDate as :date,
	Location_State__c: payload.locationState as :string,
	Policy_ID__c: payload.policy as :string,
	Vehicle_Make__c: payload.vehicleMake as :string,
	Vehicle_Model__c: payload.vehicleModel as :string,
	Vehicle_Year__c: payload.vehicleYear as :string,
	Description__c: payload.description as :string
}]]]></dw:set-payload>
        </dw:transform-message>
        <sfdc:create config-ref="Salesforce__Basic_Authentication" type="Claim__c" doc:name="Salesforce">
            <sfdc:objects ref="#[payload]"/>
        </sfdc:create>
    </flow>
</mule>
