<?xml version="1.0" encoding="UTF-8"?>
<mule xmlns:doc="http://www.mulesoft.org/schema/mule/documentation" xmlns="http://www.mulesoft.org/schema/mule/core" xmlns:apikit="http://www.mulesoft.org/schema/mule/apikit" xmlns:http="http://www.mulesoft.org/schema/mule/http" xmlns:spring="http://www.springframework.org/schema/beans" xmlns:xsi="http://www.w3.org/2001/XMLSchema-instance" xsi:schemaLocation="http://www.mulesoft.org/schema/mule/core http://www.mulesoft.org/schema/mule/core/current/mule.xsd
http://www.mulesoft.org/schema/mule/http http://www.mulesoft.org/schema/mule/http/current/mule-http.xsd
http://www.mulesoft.org/schema/mule/apikit http://www.mulesoft.org/schema/mule/apikit/current/mule-apikit.xsd
http://www.springframework.org/schema/beans http://www.springframework.org/schema/beans/spring-beans-3.1.xsd">
    <http:listener-config name="claimprocessingsystemapi-httpListenerConfig" host="0.0.0.0" port="8081" doc:name="HTTP Listener Configuration"/>
    <apikit:config name="claimprocessingsystemapi-config" raml="claimprocessingsystemapi.raml" consoleEnabled="false" doc:name="Router"/>
    <flow name="claimprocessingsystemapi-main">
        <http:listener config-ref="claimprocessingsystemapi-httpListenerConfig" path="/api/*" doc:name="HTTP"/>
        <apikit:router config-ref="claimprocessingsystemapi-config" doc:name="APIkit Router"/>
        <exception-strategy ref="claimprocessingsystemapi-apiKitGlobalExceptionMapping" doc:name="Reference Exception Strategy"/>
    </flow>
    <flow name="claimprocessingsystemapi-console">
        <http:listener config-ref="claimprocessingsystemapi-httpListenerConfig" path="/console/*" doc:name="HTTP"/>
        <apikit:console config-ref="claimprocessingsystemapi-config" doc:name="APIkit Console"/>
    </flow>
    <flow name="get:/claims:claimprocessingsystemapi-config">
        <set-payload value="#[NullPayload.getInstance()]" doc:name="Set Payload"/>
    </flow>
    <flow name="get:/contact:claimprocessingsystemapi-config">
        <set-payload value="#[message.inboundProperties.'http.query.params']" doc:name="Set Payload"/>
        <logger message="#[message.inboundProperties.'http.query.params']" level="INFO" doc:name="Logger"/>
        <flow-ref name="getContact" doc:name="Flow Reference"/>
    </flow>
    <flow name="get:/claims/{ID}:claimprocessingsystemapi-config">
        <set-payload value="{&#xA;&quot;claimID&quot; : &quot;A123789&quot;,&#xA;&quot;yourName&quot; : &quot;Alex Smith&quot;,&#xA;&quot;incidentDate&quot; : &quot;2019-02-28&quot;,&#xA;&quot;incidentType&quot; : &quot;Collission&quot;,&#xA;&quot;locationState&quot; : &quot;IL&quot;,&#xA;&quot;claimStatus&quot; : &quot;InProcess&quot;&#xA;}" doc:name="Set Payload"/>
    </flow>
    <flow name="get:/policy/{ID}:claimprocessingsystemapi-config">
        <set-payload value="{&#xA;&quot;status&quot; : &quot;Active&quot;&#xA;}" doc:name="Set Payload"/>
    </flow>
    <flow name="post:/claims:application/json:claimprocessingsystemapi-config">
        <flow-ref name="createClaim" doc:name="Flow Reference"/>

    </flow>
    <flow name="post:/contact:application/json:claimprocessingsystemapi-config">
        <set-payload value="{&#xA;&quot;partyID&quot; : &quot;7857623410&quot;&#xA;}" doc:name="Set Payload"/>
    </flow>
    <apikit:mapping-exception-strategy name="claimprocessingsystemapi-apiKitGlobalExceptionMapping">
        <apikit:mapping statusCode="404">
            <apikit:exception value="org.mule.module.apikit.exception.NotFoundException" />
            <set-property propertyName="Content-Type" value="application/json" doc:name="Property"/>
            <set-payload value="{ &quot;message&quot;: &quot;Resource not found&quot; }" doc:name="Set Payload"/>
        </apikit:mapping>
        <apikit:mapping statusCode="405">
            <apikit:exception value="org.mule.module.apikit.exception.MethodNotAllowedException" />
            <set-property propertyName="Content-Type" value="application/json" doc:name="Property"/>
            <set-payload value="{ &quot;message&quot;: &quot;Method not allowed&quot; }" doc:name="Set Payload"/>
        </apikit:mapping>
        <apikit:mapping statusCode="415">
            <apikit:exception value="org.mule.module.apikit.exception.UnsupportedMediaTypeException" />
            <set-property propertyName="Content-Type" value="application/json" doc:name="Property"/>
            <set-payload value="{ &quot;message&quot;: &quot;Unsupported media type&quot; }" doc:name="Set Payload"/>
        </apikit:mapping>
        <apikit:mapping statusCode="406">
            <apikit:exception value="org.mule.module.apikit.exception.NotAcceptableException" />
            <set-property propertyName="Content-Type" value="application/json" doc:name="Property"/>
            <set-payload value="{ &quot;message&quot;: &quot;Not acceptable&quot; }" doc:name="Set Payload"/>
        </apikit:mapping>
        <apikit:mapping statusCode="400">
            <apikit:exception value="org.mule.module.apikit.exception.BadRequestException" />
            <set-property propertyName="Content-Type" value="application/json" doc:name="Property"/>
            <set-payload value="{ &quot;message&quot;: &quot;Bad request&quot; }" doc:name="Set Payload"/>
        </apikit:mapping>
    </apikit:mapping-exception-strategy>
</mule>
