<metadata__cache__entry>
  <version>5.2.0.0</version>
  <connectorName>Salesforce__Basic_Authentication</connectorName>
  <metadataIo class="tree-map">
    <entry>
      <string>http://www.mulesoft.org/schema/mule/sfdc/create</string>
      <map>
        <entry>
          <string>Claim__c</string>
          <org.mule.tooling.metadata.cache.DefaultMetadataCacheEntry>
            <input class="org.mule.common.metadata.DefaultMetaData">
              <payload class="org.mule.common.metadata.DefaultListMetaDataModel">
                <dataType>LIST</dataType>
                <metaDataModelPropertiesManager>
                  <properties/>
                </metaDataModelPropertiesManager>
                <model class="org.mule.tooling.metadata.api.TypeRefMetaDataModel">
                  <connectorName>Salesforce__Basic_Authentication</connectorName>
                  <typeId>Claim__c</typeId>
                  <category>SObjectMetadataCategory</category>
                </model>
                <isArray>false</isArray>
              </payload>
              <properties class="tree-map">
                <entry>
                  <org.mule.common.metadata.MetaDataPropertyScope>FLOW</org.mule.common.metadata.MetaDataPropertyScope>
                  <org.mule.common.metadata.MetaDataProperties>
                    <fields class="sorted-set">
                      <comparator class="org.mule.common.metadata.MetaDataProperties$MetaDataFieldComparator"/>
                    </fields>
                  </org.mule.common.metadata.MetaDataProperties>
                </entry>
                <entry>
                  <org.mule.common.metadata.MetaDataPropertyScope>INBOUND</org.mule.common.metadata.MetaDataPropertyScope>
                  <org.mule.common.metadata.MetaDataProperties>
                    <fields class="sorted-set">
                      <comparator class="org.mule.common.metadata.MetaDataProperties$MetaDataFieldComparator"/>
                    </fields>
                  </org.mule.common.metadata.MetaDataProperties>
                </entry>
                <entry>
                  <org.mule.common.metadata.MetaDataPropertyScope>OUTBOUND</org.mule.common.metadata.MetaDataPropertyScope>
                  <org.mule.common.metadata.MetaDataProperties>
                    <fields class="sorted-set">
                      <comparator class="org.mule.common.metadata.MetaDataProperties$MetaDataFieldComparator"/>
                    </fields>
                  </org.mule.common.metadata.MetaDataProperties>
                </entry>
                <entry>
                  <org.mule.common.metadata.MetaDataPropertyScope>SESSION</org.mule.common.metadata.MetaDataPropertyScope>
                  <org.mule.common.metadata.MetaDataProperties>
                    <fields class="sorted-set">
                      <comparator class="org.mule.common.metadata.MetaDataProperties$MetaDataFieldComparator"/>
                    </fields>
                  </org.mule.common.metadata.MetaDataProperties>
                </entry>
                <entry>
                  <org.mule.common.metadata.MetaDataPropertyScope>RECORD</org.mule.common.metadata.MetaDataPropertyScope>
                  <org.mule.common.metadata.MetaDataProperties>
                    <fields class="sorted-set">
                      <comparator class="org.mule.common.metadata.MetaDataProperties$MetaDataFieldComparator"/>
                    </fields>
                  </org.mule.common.metadata.MetaDataProperties>
                </entry>
              </properties>
            </input>
            <output class="org.mule.common.metadata.DefaultMetaData">
              <payload class="org.mule.common.metadata.DefaultListMetaDataModel">
                <dataType>LIST</dataType>
                <metaDataModelPropertiesManager>
                  <properties/>
                </metaDataModelPropertiesManager>
                <model class="org.mule.tooling.metadata.api.TypeRefMetaDataModel">
                  <connectorName>Salesforce__Basic_Authentication</connectorName>
                  <typeId>com.sforce.soap.partner.SaveResult</typeId>
                </model>
                <isArray>false</isArray>
              </payload>
              <properties class="tree-map">
                <entry>
                  <org.mule.common.metadata.MetaDataPropertyScope>FLOW</org.mule.common.metadata.MetaDataPropertyScope>
                  <org.mule.common.metadata.MetaDataProperties>
                    <fields class="sorted-set">
                      <comparator class="org.mule.common.metadata.MetaDataProperties$MetaDataFieldComparator"/>
                    </fields>
                  </org.mule.common.metadata.MetaDataProperties>
                </entry>
                <entry>
                  <org.mule.common.metadata.MetaDataPropertyScope>INBOUND</org.mule.common.metadata.MetaDataPropertyScope>
                  <org.mule.common.metadata.MetaDataProperties>
                    <fields class="sorted-set">
                      <comparator class="org.mule.common.metadata.MetaDataProperties$MetaDataFieldComparator"/>
                    </fields>
                  </org.mule.common.metadata.MetaDataProperties>
                </entry>
                <entry>
                  <org.mule.common.metadata.MetaDataPropertyScope>OUTBOUND</org.mule.common.metadata.MetaDataPropertyScope>
                  <org.mule.common.metadata.MetaDataProperties>
                    <fields class="sorted-set">
                      <comparator class="org.mule.common.metadata.MetaDataProperties$MetaDataFieldComparator"/>
                    </fields>
                  </org.mule.common.metadata.MetaDataProperties>
                </entry>
                <entry>
                  <org.mule.common.metadata.MetaDataPropertyScope>SESSION</org.mule.common.metadata.MetaDataPropertyScope>
                  <org.mule.common.metadata.MetaDataProperties>
                    <fields class="sorted-set">
                      <comparator class="org.mule.common.metadata.MetaDataProperties$MetaDataFieldComparator"/>
                    </fields>
                  </org.mule.common.metadata.MetaDataProperties>
                </entry>
                <entry>
                  <org.mule.common.metadata.MetaDataPropertyScope>RECORD</org.mule.common.metadata.MetaDataPropertyScope>
                  <org.mule.common.metadata.MetaDataProperties>
                    <fields class="sorted-set">
                      <comparator class="org.mule.common.metadata.MetaDataProperties$MetaDataFieldComparator"/>
                    </fields>
                  </org.mule.common.metadata.MetaDataProperties>
                </entry>
              </properties>
            </output>
          </org.mule.tooling.metadata.cache.DefaultMetadataCacheEntry>
        </entry>
      </map>
    </entry>
    <entry>
      <string>http://www.mulesoft.org/schema/mule/sfdc/query</string>
      <map>
        <entry>
          <string>dsql:SELECT Birthdate,FirstName,HomePhone,Id,LastName FROM Contact WHERE ((LastName = &apos;#[payload.lastName]&apos; AND Birthdate = #[payload.birthDate]) AND FirstName = &apos;#[payload.firstName]&apos;)</string>
          <org.mule.tooling.metadata.cache.DefaultMetadataCacheEntry>
            <output class="org.mule.common.metadata.DefaultMetaData">
              <payload class="org.mule.common.metadata.DefaultListMetaDataModel">
                <dataType>LIST</dataType>
                <metaDataModelPropertiesManager>
                  <properties/>
                </metaDataModelPropertiesManager>
                <model class="org.mule.common.metadata.DefaultQueryResultMetaDataModel">
                  <definedMapMetaDataModel class="org.mule.common.metadata.DefaultDefinedMapMetaDataModel">
                    <dataType>MAP</dataType>
                    <metaDataModelPropertiesManager>
                      <properties/>
                    </metaDataModelPropertiesManager>
                    <fields>
                      <org.mule.common.metadata.DefaultMetaDataField>
                        <name>Birthdate</name>
                        <model class="org.mule.common.metadata.DefaultSimpleMetaDataModel">
                          <implementationClass>java.util.Date</implementationClass>
                          <dataType>DATE</dataType>
                          <metaDataModelPropertiesManager>
                            <properties/>
                          </metaDataModelPropertiesManager>
                        </model>
                        <accessType>READ_WRITE</accessType>
                        <metaDataFieldPropertyManager>
                          <properties>
                            <org.mule.common.metadata.field.property.dsql.DsqlSelectMetaDataFieldProperty/>
                            <org.mule.common.metadata.field.property.dsql.DsqlWhereMetaDataFieldProperty/>
                            <org.mule.common.metadata.field.property.dsql.DsqlOrderMetaDataFieldProperty/>
                            <org.mule.common.metadata.field.property.dsql.DsqlQueryOperatorsMetaDataFieldProperty>
                              <supportedOperators>
                                <org.mule.common.query.expression.LessOperator/>
                                <org.mule.common.query.expression.LessOrEqualsOperator/>
                                <org.mule.common.query.expression.EqualsOperator/>
                                <org.mule.common.query.expression.GreaterOperator/>
                                <org.mule.common.query.expression.GreaterOrEqualsOperator/>
                                <org.mule.common.query.expression.NotEqualsOperator/>
                              </supportedOperators>
                            </org.mule.common.metadata.field.property.dsql.DsqlQueryOperatorsMetaDataFieldProperty>
                          </properties>
                        </metaDataFieldPropertyManager>
                      </org.mule.common.metadata.DefaultMetaDataField>
                      <org.mule.common.metadata.DefaultMetaDataField>
                        <name>FirstName</name>
                        <model class="org.mule.common.metadata.DefaultSimpleMetaDataModel">
                          <implementationClass>java.lang.String</implementationClass>
                          <dataType>STRING</dataType>
                          <metaDataModelPropertiesManager>
                            <properties/>
                          </metaDataModelPropertiesManager>
                        </model>
                        <accessType>READ_WRITE</accessType>
                        <metaDataFieldPropertyManager>
                          <properties>
                            <org.mule.common.metadata.field.property.dsql.DsqlSelectMetaDataFieldProperty/>
                            <org.mule.common.metadata.field.property.dsql.DsqlWhereMetaDataFieldProperty/>
                            <org.mule.common.metadata.field.property.dsql.DsqlOrderMetaDataFieldProperty/>
                            <org.mule.common.metadata.field.property.dsql.DsqlQueryOperatorsMetaDataFieldProperty>
                              <supportedOperators>
                                <org.mule.common.query.expression.LessOperator/>
                                <org.mule.common.query.expression.LessOrEqualsOperator/>
                                <org.mule.common.query.expression.EqualsOperator/>
                                <org.mule.common.query.expression.GreaterOperator/>
                                <org.mule.common.query.expression.GreaterOrEqualsOperator/>
                                <org.mule.common.query.expression.NotEqualsOperator/>
                                <org.mule.common.query.expression.LikeOperator/>
                              </supportedOperators>
                            </org.mule.common.metadata.field.property.dsql.DsqlQueryOperatorsMetaDataFieldProperty>
                          </properties>
                        </metaDataFieldPropertyManager>
                      </org.mule.common.metadata.DefaultMetaDataField>
                      <org.mule.common.metadata.DefaultMetaDataField>
                        <name>HomePhone</name>
                        <model class="org.mule.common.metadata.DefaultSimpleMetaDataModel">
                          <implementationClass>java.lang.String</implementationClass>
                          <dataType>STRING</dataType>
                          <metaDataModelPropertiesManager>
                            <properties/>
                          </metaDataModelPropertiesManager>
                        </model>
                        <accessType>READ_WRITE</accessType>
                        <metaDataFieldPropertyManager>
                          <properties>
                            <org.mule.common.metadata.field.property.dsql.DsqlSelectMetaDataFieldProperty/>
                            <org.mule.common.metadata.field.property.dsql.DsqlWhereMetaDataFieldProperty/>
                            <org.mule.common.metadata.field.property.dsql.DsqlOrderMetaDataFieldProperty/>
                            <org.mule.common.metadata.field.property.dsql.DsqlQueryOperatorsMetaDataFieldProperty>
                              <supportedOperators>
                                <org.mule.common.query.expression.LessOperator/>
                                <org.mule.common.query.expression.LessOrEqualsOperator/>
                                <org.mule.common.query.expression.EqualsOperator/>
                                <org.mule.common.query.expression.GreaterOperator/>
                                <org.mule.common.query.expression.GreaterOrEqualsOperator/>
                                <org.mule.common.query.expression.NotEqualsOperator/>
                                <org.mule.common.query.expression.LikeOperator/>
                              </supportedOperators>
                            </org.mule.common.metadata.field.property.dsql.DsqlQueryOperatorsMetaDataFieldProperty>
                          </properties>
                        </metaDataFieldPropertyManager>
                      </org.mule.common.metadata.DefaultMetaDataField>
                      <org.mule.common.metadata.DefaultMetaDataField>
                        <name>Id</name>
                        <model class="org.mule.common.metadata.DefaultSimpleMetaDataModel">
                          <implementationClass>java.lang.String</implementationClass>
                          <dataType>STRING</dataType>
                          <metaDataModelPropertiesManager>
                            <properties/>
                          </metaDataModelPropertiesManager>
                        </model>
                        <accessType>READ_WRITE</accessType>
                        <metaDataFieldPropertyManager>
                          <properties>
                            <org.mule.common.metadata.field.property.dsql.DsqlSelectMetaDataFieldProperty/>
                            <org.mule.common.metadata.field.property.dsql.DsqlWhereMetaDataFieldProperty/>
                            <org.mule.common.metadata.field.property.dsql.DsqlOrderMetaDataFieldProperty/>
                            <org.mule.common.metadata.field.property.dsql.DsqlQueryOperatorsMetaDataFieldProperty>
                              <supportedOperators>
                                <org.mule.common.query.expression.LessOperator/>
                                <org.mule.common.query.expression.LessOrEqualsOperator/>
                                <org.mule.common.query.expression.EqualsOperator/>
                                <org.mule.common.query.expression.GreaterOperator/>
                                <org.mule.common.query.expression.GreaterOrEqualsOperator/>
                                <org.mule.common.query.expression.NotEqualsOperator/>
                                <org.mule.common.query.expression.LikeOperator/>
                              </supportedOperators>
                            </org.mule.common.metadata.field.property.dsql.DsqlQueryOperatorsMetaDataFieldProperty>
                          </properties>
                        </metaDataFieldPropertyManager>
                      </org.mule.common.metadata.DefaultMetaDataField>
                      <org.mule.common.metadata.DefaultMetaDataField>
                        <name>LastName</name>
                        <model class="org.mule.common.metadata.DefaultSimpleMetaDataModel">
                          <implementationClass>java.lang.String</implementationClass>
                          <dataType>STRING</dataType>
                          <metaDataModelPropertiesManager>
                            <properties/>
                          </metaDataModelPropertiesManager>
                        </model>
                        <accessType>READ_WRITE</accessType>
                        <metaDataFieldPropertyManager>
                          <properties>
                            <org.mule.common.metadata.field.property.dsql.DsqlSelectMetaDataFieldProperty/>
                            <org.mule.common.metadata.field.property.dsql.DsqlWhereMetaDataFieldProperty/>
                            <org.mule.common.metadata.field.property.dsql.DsqlOrderMetaDataFieldProperty/>
                            <org.mule.common.metadata.field.property.dsql.DsqlQueryOperatorsMetaDataFieldProperty>
                              <supportedOperators>
                                <org.mule.common.query.expression.LessOperator/>
                                <org.mule.common.query.expression.LessOrEqualsOperator/>
                                <org.mule.common.query.expression.EqualsOperator/>
                                <org.mule.common.query.expression.GreaterOperator/>
                                <org.mule.common.query.expression.GreaterOrEqualsOperator/>
                                <org.mule.common.query.expression.NotEqualsOperator/>
                                <org.mule.common.query.expression.LikeOperator/>
                              </supportedOperators>
                            </org.mule.common.metadata.field.property.dsql.DsqlQueryOperatorsMetaDataFieldProperty>
                          </properties>
                        </metaDataFieldPropertyManager>
                      </org.mule.common.metadata.DefaultMetaDataField>
                    </fields>
                    <name>Contact</name>
                  </definedMapMetaDataModel>
                </model>
                <isArray>false</isArray>
              </payload>
              <properties class="tree-map">
                <entry>
                  <org.mule.common.metadata.MetaDataPropertyScope>FLOW</org.mule.common.metadata.MetaDataPropertyScope>
                  <org.mule.common.metadata.MetaDataProperties>
                    <fields class="sorted-set">
                      <comparator class="org.mule.common.metadata.MetaDataProperties$MetaDataFieldComparator"/>
                    </fields>
                  </org.mule.common.metadata.MetaDataProperties>
                </entry>
                <entry>
                  <org.mule.common.metadata.MetaDataPropertyScope>INBOUND</org.mule.common.metadata.MetaDataPropertyScope>
                  <org.mule.common.metadata.MetaDataProperties>
                    <fields class="sorted-set">
                      <comparator class="org.mule.common.metadata.MetaDataProperties$MetaDataFieldComparator"/>
                    </fields>
                  </org.mule.common.metadata.MetaDataProperties>
                </entry>
                <entry>
                  <org.mule.common.metadata.MetaDataPropertyScope>OUTBOUND</org.mule.common.metadata.MetaDataPropertyScope>
                  <org.mule.common.metadata.MetaDataProperties>
                    <fields class="sorted-set">
                      <comparator class="org.mule.common.metadata.MetaDataProperties$MetaDataFieldComparator"/>
                    </fields>
                  </org.mule.common.metadata.MetaDataProperties>
                </entry>
                <entry>
                  <org.mule.common.metadata.MetaDataPropertyScope>SESSION</org.mule.common.metadata.MetaDataPropertyScope>
                  <org.mule.common.metadata.MetaDataProperties>
                    <fields class="sorted-set">
                      <comparator class="org.mule.common.metadata.MetaDataProperties$MetaDataFieldComparator"/>
                    </fields>
                  </org.mule.common.metadata.MetaDataProperties>
                </entry>
                <entry>
                  <org.mule.common.metadata.MetaDataPropertyScope>RECORD</org.mule.common.metadata.MetaDataPropertyScope>
                  <org.mule.common.metadata.MetaDataProperties>
                    <fields class="sorted-set">
                      <comparator class="org.mule.common.metadata.MetaDataProperties$MetaDataFieldComparator"/>
                    </fields>
                  </org.mule.common.metadata.MetaDataProperties>
                </entry>
              </properties>
            </output>
          </org.mule.tooling.metadata.cache.DefaultMetadataCacheEntry>
        </entry>
        <entry>
          <string>dsql:SELECT Birthdate,FirstName,HomePhone,Id,LastName FROM Contact WHERE ((FirstName = &apos;defg&apos; AND Birthdate = abcd) AND LastName = &apos;erfd&apos;)</string>
          <org.mule.tooling.metadata.cache.DefaultMetadataCacheEntry>
            <output class="org.mule.common.metadata.DefaultMetaData">
              <payload class="org.mule.common.metadata.DefaultListMetaDataModel">
                <dataType>LIST</dataType>
                <metaDataModelPropertiesManager>
                  <properties/>
                </metaDataModelPropertiesManager>
                <model class="org.mule.common.metadata.DefaultQueryResultMetaDataModel">
                  <definedMapMetaDataModel class="org.mule.common.metadata.DefaultDefinedMapMetaDataModel">
                    <dataType>MAP</dataType>
                    <metaDataModelPropertiesManager>
                      <properties/>
                    </metaDataModelPropertiesManager>
                    <fields>
                      <org.mule.common.metadata.DefaultMetaDataField>
                        <name>Birthdate</name>
                        <model class="org.mule.common.metadata.DefaultSimpleMetaDataModel">
                          <implementationClass>java.util.Date</implementationClass>
                          <dataType>DATE</dataType>
                          <metaDataModelPropertiesManager>
                            <properties/>
                          </metaDataModelPropertiesManager>
                        </model>
                        <accessType>READ_WRITE</accessType>
                        <metaDataFieldPropertyManager>
                          <properties>
                            <org.mule.common.metadata.field.property.dsql.DsqlSelectMetaDataFieldProperty/>
                            <org.mule.common.metadata.field.property.dsql.DsqlWhereMetaDataFieldProperty/>
                            <org.mule.common.metadata.field.property.dsql.DsqlOrderMetaDataFieldProperty/>
                            <org.mule.common.metadata.field.property.dsql.DsqlQueryOperatorsMetaDataFieldProperty>
                              <supportedOperators>
                                <org.mule.common.query.expression.LessOperator/>
                                <org.mule.common.query.expression.LessOrEqualsOperator/>
                                <org.mule.common.query.expression.EqualsOperator/>
                                <org.mule.common.query.expression.GreaterOperator/>
                                <org.mule.common.query.expression.GreaterOrEqualsOperator/>
                                <org.mule.common.query.expression.NotEqualsOperator/>
                              </supportedOperators>
                            </org.mule.common.metadata.field.property.dsql.DsqlQueryOperatorsMetaDataFieldProperty>
                          </properties>
                        </metaDataFieldPropertyManager>
                      </org.mule.common.metadata.DefaultMetaDataField>
                      <org.mule.common.metadata.DefaultMetaDataField>
                        <name>FirstName</name>
                        <model class="org.mule.common.metadata.DefaultSimpleMetaDataModel">
                          <implementationClass>java.lang.String</implementationClass>
                          <dataType>STRING</dataType>
                          <metaDataModelPropertiesManager>
                            <properties/>
                          </metaDataModelPropertiesManager>
                        </model>
                        <accessType>READ_WRITE</accessType>
                        <metaDataFieldPropertyManager>
                          <properties>
                            <org.mule.common.metadata.field.property.dsql.DsqlSelectMetaDataFieldProperty/>
                            <org.mule.common.metadata.field.property.dsql.DsqlWhereMetaDataFieldProperty/>
                            <org.mule.common.metadata.field.property.dsql.DsqlOrderMetaDataFieldProperty/>
                            <org.mule.common.metadata.field.property.dsql.DsqlQueryOperatorsMetaDataFieldProperty>
                              <supportedOperators>
                                <org.mule.common.query.expression.LessOperator/>
                                <org.mule.common.query.expression.LessOrEqualsOperator/>
                                <org.mule.common.query.expression.EqualsOperator/>
                                <org.mule.common.query.expression.GreaterOperator/>
                                <org.mule.common.query.expression.GreaterOrEqualsOperator/>
                                <org.mule.common.query.expression.NotEqualsOperator/>
                                <org.mule.common.query.expression.LikeOperator/>
                              </supportedOperators>
                            </org.mule.common.metadata.field.property.dsql.DsqlQueryOperatorsMetaDataFieldProperty>
                          </properties>
                        </metaDataFieldPropertyManager>
                      </org.mule.common.metadata.DefaultMetaDataField>
                      <org.mule.common.metadata.DefaultMetaDataField>
                        <name>HomePhone</name>
                        <model class="org.mule.common.metadata.DefaultSimpleMetaDataModel">
                          <implementationClass>java.lang.String</implementationClass>
                          <dataType>STRING</dataType>
                          <metaDataModelPropertiesManager>
                            <properties/>
                          </metaDataModelPropertiesManager>
                        </model>
                        <accessType>READ_WRITE</accessType>
                        <metaDataFieldPropertyManager>
                          <properties>
                            <org.mule.common.metadata.field.property.dsql.DsqlSelectMetaDataFieldProperty/>
                            <org.mule.common.metadata.field.property.dsql.DsqlWhereMetaDataFieldProperty/>
                            <org.mule.common.metadata.field.property.dsql.DsqlOrderMetaDataFieldProperty/>
                            <org.mule.common.metadata.field.property.dsql.DsqlQueryOperatorsMetaDataFieldProperty>
                              <supportedOperators>
                                <org.mule.common.query.expression.LessOperator/>
                                <org.mule.common.query.expression.LessOrEqualsOperator/>
                                <org.mule.common.query.expression.EqualsOperator/>
                                <org.mule.common.query.expression.GreaterOperator/>
                                <org.mule.common.query.expression.GreaterOrEqualsOperator/>
                                <org.mule.common.query.expression.NotEqualsOperator/>
                                <org.mule.common.query.expression.LikeOperator/>
                              </supportedOperators>
                            </org.mule.common.metadata.field.property.dsql.DsqlQueryOperatorsMetaDataFieldProperty>
                          </properties>
                        </metaDataFieldPropertyManager>
                      </org.mule.common.metadata.DefaultMetaDataField>
                      <org.mule.common.metadata.DefaultMetaDataField>
                        <name>Id</name>
                        <model class="org.mule.common.metadata.DefaultSimpleMetaDataModel">
                          <implementationClass>java.lang.String</implementationClass>
                          <dataType>STRING</dataType>
                          <metaDataModelPropertiesManager>
                            <properties/>
                          </metaDataModelPropertiesManager>
                        </model>
                        <accessType>READ_WRITE</accessType>
                        <metaDataFieldPropertyManager>
                          <properties>
                            <org.mule.common.metadata.field.property.dsql.DsqlSelectMetaDataFieldProperty/>
                            <org.mule.common.metadata.field.property.dsql.DsqlWhereMetaDataFieldProperty/>
                            <org.mule.common.metadata.field.property.dsql.DsqlOrderMetaDataFieldProperty/>
                            <org.mule.common.metadata.field.property.dsql.DsqlQueryOperatorsMetaDataFieldProperty>
                              <supportedOperators>
                                <org.mule.common.query.expression.LessOperator/>
                                <org.mule.common.query.expression.LessOrEqualsOperator/>
                                <org.mule.common.query.expression.EqualsOperator/>
                                <org.mule.common.query.expression.GreaterOperator/>
                                <org.mule.common.query.expression.GreaterOrEqualsOperator/>
                                <org.mule.common.query.expression.NotEqualsOperator/>
                                <org.mule.common.query.expression.LikeOperator/>
                              </supportedOperators>
                            </org.mule.common.metadata.field.property.dsql.DsqlQueryOperatorsMetaDataFieldProperty>
                          </properties>
                        </metaDataFieldPropertyManager>
                      </org.mule.common.metadata.DefaultMetaDataField>
                      <org.mule.common.metadata.DefaultMetaDataField>
                        <name>LastName</name>
                        <model class="org.mule.common.metadata.DefaultSimpleMetaDataModel">
                          <implementationClass>java.lang.String</implementationClass>
                          <dataType>STRING</dataType>
                          <metaDataModelPropertiesManager>
                            <properties/>
                          </metaDataModelPropertiesManager>
                        </model>
                        <accessType>READ_WRITE</accessType>
                        <metaDataFieldPropertyManager>
                          <properties>
                            <org.mule.common.metadata.field.property.dsql.DsqlSelectMetaDataFieldProperty/>
                            <org.mule.common.metadata.field.property.dsql.DsqlWhereMetaDataFieldProperty/>
                            <org.mule.common.metadata.field.property.dsql.DsqlOrderMetaDataFieldProperty/>
                            <org.mule.common.metadata.field.property.dsql.DsqlQueryOperatorsMetaDataFieldProperty>
                              <supportedOperators>
                                <org.mule.common.query.expression.LessOperator/>
                                <org.mule.common.query.expression.LessOrEqualsOperator/>
                                <org.mule.common.query.expression.EqualsOperator/>
                                <org.mule.common.query.expression.GreaterOperator/>
                                <org.mule.common.query.expression.GreaterOrEqualsOperator/>
                                <org.mule.common.query.expression.NotEqualsOperator/>
                                <org.mule.common.query.expression.LikeOperator/>
                              </supportedOperators>
                            </org.mule.common.metadata.field.property.dsql.DsqlQueryOperatorsMetaDataFieldProperty>
                          </properties>
                        </metaDataFieldPropertyManager>
                      </org.mule.common.metadata.DefaultMetaDataField>
                    </fields>
                    <name>Contact</name>
                  </definedMapMetaDataModel>
                </model>
                <isArray>false</isArray>
              </payload>
              <properties class="tree-map">
                <entry>
                  <org.mule.common.metadata.MetaDataPropertyScope>FLOW</org.mule.common.metadata.MetaDataPropertyScope>
                  <org.mule.common.metadata.MetaDataProperties>
                    <fields class="sorted-set">
                      <comparator class="org.mule.common.metadata.MetaDataProperties$MetaDataFieldComparator"/>
                    </fields>
                  </org.mule.common.metadata.MetaDataProperties>
                </entry>
                <entry>
                  <org.mule.common.metadata.MetaDataPropertyScope>INBOUND</org.mule.common.metadata.MetaDataPropertyScope>
                  <org.mule.common.metadata.MetaDataProperties>
                    <fields class="sorted-set">
                      <comparator class="org.mule.common.metadata.MetaDataProperties$MetaDataFieldComparator"/>
                    </fields>
                  </org.mule.common.metadata.MetaDataProperties>
                </entry>
                <entry>
                  <org.mule.common.metadata.MetaDataPropertyScope>OUTBOUND</org.mule.common.metadata.MetaDataPropertyScope>
                  <org.mule.common.metadata.MetaDataProperties>
                    <fields class="sorted-set">
                      <comparator class="org.mule.common.metadata.MetaDataProperties$MetaDataFieldComparator"/>
                    </fields>
                  </org.mule.common.metadata.MetaDataProperties>
                </entry>
                <entry>
                  <org.mule.common.metadata.MetaDataPropertyScope>SESSION</org.mule.common.metadata.MetaDataPropertyScope>
                  <org.mule.common.metadata.MetaDataProperties>
                    <fields class="sorted-set">
                      <comparator class="org.mule.common.metadata.MetaDataProperties$MetaDataFieldComparator"/>
                    </fields>
                  </org.mule.common.metadata.MetaDataProperties>
                </entry>
                <entry>
                  <org.mule.common.metadata.MetaDataPropertyScope>RECORD</org.mule.common.metadata.MetaDataPropertyScope>
                  <org.mule.common.metadata.MetaDataProperties>
                    <fields class="sorted-set">
                      <comparator class="org.mule.common.metadata.MetaDataProperties$MetaDataFieldComparator"/>
                    </fields>
                  </org.mule.common.metadata.MetaDataProperties>
                </entry>
              </properties>
            </output>
          </org.mule.tooling.metadata.cache.DefaultMetadataCacheEntry>
        </entry>
        <entry>
          <string>dsql:SELECT Birthdate,FirstName,Phone,Id,LastName FROM Contact WHERE ((LastName = &apos;#[payload.lastName]&apos; AND Birthdate = #[payload.birthDate]) AND FirstName = &apos;#[payload.firstName]&apos;)</string>
          <org.mule.tooling.metadata.cache.DefaultMetadataCacheEntry>
            <output class="org.mule.common.metadata.DefaultMetaData">
              <payload class="org.mule.common.metadata.DefaultListMetaDataModel">
                <dataType>LIST</dataType>
                <metaDataModelPropertiesManager>
                  <properties/>
                </metaDataModelPropertiesManager>
                <model class="org.mule.common.metadata.DefaultQueryResultMetaDataModel">
                  <definedMapMetaDataModel class="org.mule.common.metadata.DefaultDefinedMapMetaDataModel">
                    <dataType>MAP</dataType>
                    <metaDataModelPropertiesManager>
                      <properties/>
                    </metaDataModelPropertiesManager>
                    <fields>
                      <org.mule.common.metadata.DefaultMetaDataField>
                        <name>Birthdate</name>
                        <model class="org.mule.common.metadata.DefaultSimpleMetaDataModel">
                          <implementationClass>java.util.Date</implementationClass>
                          <dataType>DATE</dataType>
                          <metaDataModelPropertiesManager>
                            <properties/>
                          </metaDataModelPropertiesManager>
                        </model>
                        <accessType>READ_WRITE</accessType>
                        <metaDataFieldPropertyManager>
                          <properties>
                            <org.mule.common.metadata.field.property.dsql.DsqlSelectMetaDataFieldProperty/>
                            <org.mule.common.metadata.field.property.dsql.DsqlWhereMetaDataFieldProperty/>
                            <org.mule.common.metadata.field.property.dsql.DsqlOrderMetaDataFieldProperty/>
                            <org.mule.common.metadata.field.property.dsql.DsqlQueryOperatorsMetaDataFieldProperty>
                              <supportedOperators>
                                <org.mule.common.query.expression.LessOperator/>
                                <org.mule.common.query.expression.LessOrEqualsOperator/>
                                <org.mule.common.query.expression.EqualsOperator/>
                                <org.mule.common.query.expression.GreaterOperator/>
                                <org.mule.common.query.expression.GreaterOrEqualsOperator/>
                                <org.mule.common.query.expression.NotEqualsOperator/>
                              </supportedOperators>
                            </org.mule.common.metadata.field.property.dsql.DsqlQueryOperatorsMetaDataFieldProperty>
                          </properties>
                        </metaDataFieldPropertyManager>
                      </org.mule.common.metadata.DefaultMetaDataField>
                      <org.mule.common.metadata.DefaultMetaDataField>
                        <name>FirstName</name>
                        <model class="org.mule.common.metadata.DefaultSimpleMetaDataModel">
                          <implementationClass>java.lang.String</implementationClass>
                          <dataType>STRING</dataType>
                          <metaDataModelPropertiesManager>
                            <properties/>
                          </metaDataModelPropertiesManager>
                        </model>
                        <accessType>READ_WRITE</accessType>
                        <metaDataFieldPropertyManager>
                          <properties>
                            <org.mule.common.metadata.field.property.dsql.DsqlSelectMetaDataFieldProperty/>
                            <org.mule.common.metadata.field.property.dsql.DsqlWhereMetaDataFieldProperty/>
                            <org.mule.common.metadata.field.property.dsql.DsqlOrderMetaDataFieldProperty/>
                            <org.mule.common.metadata.field.property.dsql.DsqlQueryOperatorsMetaDataFieldProperty>
                              <supportedOperators>
                                <org.mule.common.query.expression.LessOperator/>
                                <org.mule.common.query.expression.LessOrEqualsOperator/>
                                <org.mule.common.query.expression.EqualsOperator/>
                                <org.mule.common.query.expression.GreaterOperator/>
                                <org.mule.common.query.expression.GreaterOrEqualsOperator/>
                                <org.mule.common.query.expression.NotEqualsOperator/>
                                <org.mule.common.query.expression.LikeOperator/>
                              </supportedOperators>
                            </org.mule.common.metadata.field.property.dsql.DsqlQueryOperatorsMetaDataFieldProperty>
                          </properties>
                        </metaDataFieldPropertyManager>
                      </org.mule.common.metadata.DefaultMetaDataField>
                      <org.mule.common.metadata.DefaultMetaDataField>
                        <name>Id</name>
                        <model class="org.mule.common.metadata.DefaultSimpleMetaDataModel">
                          <implementationClass>java.lang.String</implementationClass>
                          <dataType>STRING</dataType>
                          <metaDataModelPropertiesManager>
                            <properties/>
                          </metaDataModelPropertiesManager>
                        </model>
                        <accessType>READ_WRITE</accessType>
                        <metaDataFieldPropertyManager>
                          <properties>
                            <org.mule.common.metadata.field.property.dsql.DsqlSelectMetaDataFieldProperty/>
                            <org.mule.common.metadata.field.property.dsql.DsqlWhereMetaDataFieldProperty/>
                            <org.mule.common.metadata.field.property.dsql.DsqlOrderMetaDataFieldProperty/>
                            <org.mule.common.metadata.field.property.dsql.DsqlQueryOperatorsMetaDataFieldProperty>
                              <supportedOperators>
                                <org.mule.common.query.expression.LessOperator/>
                                <org.mule.common.query.expression.LessOrEqualsOperator/>
                                <org.mule.common.query.expression.EqualsOperator/>
                                <org.mule.common.query.expression.GreaterOperator/>
                                <org.mule.common.query.expression.GreaterOrEqualsOperator/>
                                <org.mule.common.query.expression.NotEqualsOperator/>
                                <org.mule.common.query.expression.LikeOperator/>
                              </supportedOperators>
                            </org.mule.common.metadata.field.property.dsql.DsqlQueryOperatorsMetaDataFieldProperty>
                          </properties>
                        </metaDataFieldPropertyManager>
                      </org.mule.common.metadata.DefaultMetaDataField>
                      <org.mule.common.metadata.DefaultMetaDataField>
                        <name>LastName</name>
                        <model class="org.mule.common.metadata.DefaultSimpleMetaDataModel">
                          <implementationClass>java.lang.String</implementationClass>
                          <dataType>STRING</dataType>
                          <metaDataModelPropertiesManager>
                            <properties/>
                          </metaDataModelPropertiesManager>
                        </model>
                        <accessType>READ_WRITE</accessType>
                        <metaDataFieldPropertyManager>
                          <properties>
                            <org.mule.common.metadata.field.property.dsql.DsqlSelectMetaDataFieldProperty/>
                            <org.mule.common.metadata.field.property.dsql.DsqlWhereMetaDataFieldProperty/>
                            <org.mule.common.metadata.field.property.dsql.DsqlOrderMetaDataFieldProperty/>
                            <org.mule.common.metadata.field.property.dsql.DsqlQueryOperatorsMetaDataFieldProperty>
                              <supportedOperators>
                                <org.mule.common.query.expression.LessOperator/>
                                <org.mule.common.query.expression.LessOrEqualsOperator/>
                                <org.mule.common.query.expression.EqualsOperator/>
                                <org.mule.common.query.expression.GreaterOperator/>
                                <org.mule.common.query.expression.GreaterOrEqualsOperator/>
                                <org.mule.common.query.expression.NotEqualsOperator/>
                                <org.mule.common.query.expression.LikeOperator/>
                              </supportedOperators>
                            </org.mule.common.metadata.field.property.dsql.DsqlQueryOperatorsMetaDataFieldProperty>
                          </properties>
                        </metaDataFieldPropertyManager>
                      </org.mule.common.metadata.DefaultMetaDataField>
                      <org.mule.common.metadata.DefaultMetaDataField>
                        <name>Phone</name>
                        <model class="org.mule.common.metadata.DefaultSimpleMetaDataModel">
                          <implementationClass>java.lang.String</implementationClass>
                          <dataType>STRING</dataType>
                          <metaDataModelPropertiesManager>
                            <properties/>
                          </metaDataModelPropertiesManager>
                        </model>
                        <accessType>READ_WRITE</accessType>
                        <metaDataFieldPropertyManager>
                          <properties>
                            <org.mule.common.metadata.field.property.dsql.DsqlSelectMetaDataFieldProperty/>
                            <org.mule.common.metadata.field.property.dsql.DsqlWhereMetaDataFieldProperty/>
                            <org.mule.common.metadata.field.property.dsql.DsqlOrderMetaDataFieldProperty/>
                            <org.mule.common.metadata.field.property.dsql.DsqlQueryOperatorsMetaDataFieldProperty>
                              <supportedOperators>
                                <org.mule.common.query.expression.LessOperator/>
                                <org.mule.common.query.expression.LessOrEqualsOperator/>
                                <org.mule.common.query.expression.EqualsOperator/>
                                <org.mule.common.query.expression.GreaterOperator/>
                                <org.mule.common.query.expression.GreaterOrEqualsOperator/>
                                <org.mule.common.query.expression.NotEqualsOperator/>
                                <org.mule.common.query.expression.LikeOperator/>
                              </supportedOperators>
                            </org.mule.common.metadata.field.property.dsql.DsqlQueryOperatorsMetaDataFieldProperty>
                          </properties>
                        </metaDataFieldPropertyManager>
                      </org.mule.common.metadata.DefaultMetaDataField>
                    </fields>
                    <name>Contact</name>
                  </definedMapMetaDataModel>
                </model>
                <isArray>false</isArray>
              </payload>
              <properties class="tree-map">
                <entry>
                  <org.mule.common.metadata.MetaDataPropertyScope>FLOW</org.mule.common.metadata.MetaDataPropertyScope>
                  <org.mule.common.metadata.MetaDataProperties>
                    <fields class="sorted-set">
                      <comparator class="org.mule.common.metadata.MetaDataProperties$MetaDataFieldComparator"/>
                    </fields>
                  </org.mule.common.metadata.MetaDataProperties>
                </entry>
                <entry>
                  <org.mule.common.metadata.MetaDataPropertyScope>INBOUND</org.mule.common.metadata.MetaDataPropertyScope>
                  <org.mule.common.metadata.MetaDataProperties>
                    <fields class="sorted-set">
                      <comparator class="org.mule.common.metadata.MetaDataProperties$MetaDataFieldComparator"/>
                    </fields>
                  </org.mule.common.metadata.MetaDataProperties>
                </entry>
                <entry>
                  <org.mule.common.metadata.MetaDataPropertyScope>OUTBOUND</org.mule.common.metadata.MetaDataPropertyScope>
                  <org.mule.common.metadata.MetaDataProperties>
                    <fields class="sorted-set">
                      <comparator class="org.mule.common.metadata.MetaDataProperties$MetaDataFieldComparator"/>
                    </fields>
                  </org.mule.common.metadata.MetaDataProperties>
                </entry>
                <entry>
                  <org.mule.common.metadata.MetaDataPropertyScope>SESSION</org.mule.common.metadata.MetaDataPropertyScope>
                  <org.mule.common.metadata.MetaDataProperties>
                    <fields class="sorted-set">
                      <comparator class="org.mule.common.metadata.MetaDataProperties$MetaDataFieldComparator"/>
                    </fields>
                  </org.mule.common.metadata.MetaDataProperties>
                </entry>
                <entry>
                  <org.mule.common.metadata.MetaDataPropertyScope>RECORD</org.mule.common.metadata.MetaDataPropertyScope>
                  <org.mule.common.metadata.MetaDataProperties>
                    <fields class="sorted-set">
                      <comparator class="org.mule.common.metadata.MetaDataProperties$MetaDataFieldComparator"/>
                    </fields>
                  </org.mule.common.metadata.MetaDataProperties>
                </entry>
              </properties>
            </output>
          </org.mule.tooling.metadata.cache.DefaultMetadataCacheEntry>
        </entry>
      </map>
    </entry>
  </metadataIo>
</metadata__cache__entry>